text,source,label,reliability,bias
"Four states have legalized recreational marijuana, along with voters in D.C. -- though the D.C. measure is the subject of a congressional Republican effort to block its implementation.",huffpost,0,37.82,-10.75
"I trust in God, but God wants to see us help ourselves by putting people back to work.""",huffpost,0,37.82,-10.75
"None of the money will come from hurricane relief, Mulvaney said.",huffpost,0,37.82,-10.75
The proposal would instead affect the future production and sale of military-style weapons or high-capacity magazines.,huffpost,0,37.82,-10.75
"He suggested raising the age at which retirees can receive full benefits -- currently, 66 years old -- would be on the table even though doing so represents ""a massive benefit cut for people.""",huffpost,0,37.82,-10.75
"Last weekend, a lewd photo of a man's bulging underpants was sent to a 21-year-old female college student in Seattle from Weiner's Twitter account.",huffpost,0,37.82,-10.75
"But there was no sign the story, or the speculation about who may have been responsible for tweeting the photo, was fading.",huffpost,0,37.82,-10.75
They picked up just six seats in this election cycle ― far fewer than expected.,huffpost,0,37.82,-10.75
"A secure border is vital to protecting America's national security, public safety and jobs.",huffpost,0,37.82,-10.75
"Obama Gun Control Proposals Unveiled, Marking Biggest Legislative Effort In A Generation",huffpost,0,37.82,-10.75
"Once DOMA was overturned in June, the question became: What about same-sex married couples who moved to a state that didn’t recognize their marriage (a couple married in Massachusetts who moved to Arkansas, for example)?",huffpost,0,37.82,-10.75
Sayoc is a registered Republican and a self-described promoter and booking agent.,huffpost,0,37.82,-10.75
"Kevin Sabet, president of anti-legalization group Smart Approaches to Marijuana, applauded the action by Nebraska and Oklahoma.",huffpost,1,37.82,-10.75
He said he will be seeking “spiritual guidance” from his family.,huffpost,0,37.82,-10.75
"At a rally in Iowa, Clinton said that if the president can't come to terms with Pelosi, there should be no deal.",huffpost,0,37.82,-10.75
Obama portrayed the programs as a trade-off between security and civil liberties.,huffpost,0,37.82,-10.75
The more substantive criticism concerned McCain's proposal to tax worker health care plans as a way of generating money to give people a new tax credit so that they could buy private insurance.,huffpost,0,37.82,-10.75
"“We must never allow political violence to take root in America,” Trump said.",huffpost,0,37.82,-10.75
"The president's plan also calls on Congress to allocate resources to help schools, other educational institutions and houses of worship develop emergency management plans.",huffpost,0,37.82,-10.75
“This is the kind of trade we don’t need.”,huffpost,0,37.82,-10.75
"The report, commissioned in the wake of the Sandy Hook Elementary School shooting, recommended properly trained armed employees to provide ""an important layer of security in schools.""",huffpost,0,37.82,-10.75
"UPDATE: AARP CEO A. Barry Rand said in a statement, ""It has long been AARP's policy that Social Security should be strengthened to provide adequate benefits and that it is sufficiently financed to ensure solvency with a stable trust fund for the next 75 years.""",huffpost,0,37.82,-10.75
"He raised the issue of Romney’s comments at a fundraiser in May in which he talked disparagingly about people who receive government benefits, claiming that he could “never convince them they should take personal responsibility and care for their lives.""",huffpost,0,37.82,-10.75
Biden did another thing Obama did not a week ago.,huffpost,0,37.82,-10.75
"Employees would have to dip into their savings or borrow money to pay their bills, as there is no government program to help them.",huffpost,0,37.82,-10.75
"The pollster for Secure America Now is John McLaughlin, who has worked with Netanyahu’s Likud Party.”",huffpost,0,37.82,-10.75
“Given the poison pills stuffed into a proposal that was supposed to entice Democrats we can now say the Trump ‘offer’ isn’t about getting to a deal but about shifting blame.,huffpost,0,37.82,-10.75
“Stop talking about how you care about people.,huffpost,0,37.82,-10.75
"Trump claims great wealth, but won’t disclose his real net worth and refuses to release his tax returns.",huffpost,0,37.82,-10.75
Many will miss their first paycheck on Jan. 11 unless Trump signs a spending bill before then.,huffpost,0,37.82,-10.75
President Obama's National Commission on Fiscal Responsibility and Reform drafted a plan that would tweak Social Security by increasing taxes and reducing benefits both.,huffpost,0,37.82,-10.75
The real-estate developer also reacts defensively when his success is questioned.,huffpost,0,37.82,-10.75
"While serving as chair of the governors association, Christie held prep sessions on foreign policy with officials, business leaders and academics in an attempt to ready himself for a White House run, according The Associated Press.",huffpost,0,37.82,-10.75
"The Intelligence Committee Republicans’ letter concluded, “Your actions both past and present are incompatible with your duty as Chairman of this Committee, which alone in the House of Representatives has the obligation and authority to provide effective oversight of the U.S. intelligence community.”",huffpost,0,37.82,-10.75
"The bill aims to answer rising attacks on voting rights from courts and politicians across the country, and also to stem the increasing inequality of campaign funding by empowering small donors with matching contributions from public funds, among many other things.",huffpost,0,37.82,-10.75
"A Republican staffer on Friday apologized for a Facebook post that criticized Malia and Sasha Obama's appearance at the annual White House turkey pardon ceremony, one of America's silliest holiday traditions.",huffpost,0,37.82,-10.75
"In total, the proposal goes beyond what most gun control advocates were hoping for at the start of Biden's review process, during which he held 22 different meetings with 229 different organizations and 31 elected officials.",huffpost,0,37.82,-10.75
"Boehner was back at the Capitol soon afterward, but said nothing new as he passed reporters eager for a readout.",huffpost,0,37.82,-10.75
"He also rejected reports that Obama refused his request for a meeting, pinning the circumstances on a scheduling conflict, as has the White House when pressed on the subject.",huffpost,0,37.82,-10.75
"Despite numerous requests over several weeks, the White House has not provided any economic analysis to back up Trump’s claims.",huffpost,0,37.82,-10.75
“Meaningful action to say past laws to protect worker safety or the access of students with special needs to an education?”,huffpost,0,37.82,-10.75
Trump overruled the defense secretary and unilaterally ordered the military assault.,huffpost,0,37.82,-10.75
"President Barack Obama urged lawmakers to move on the transportation funding portion of his jobs bill Wednesday, while simultaneously mocking them for spending time on supposedly less-important undertakings, such as a recent measure to reaffirm ""In God We Trust"" as the national motto.",huffpost,1,37.82,-10.75
"That will buy the administration some 234 miles of border wall, a senior administration official told reporters Friday.",huffpost,0,37.82,-10.75
"""Well, when these issues were raised in my state of Massachusetts, I indicated my view, which is I do not favor marriage between people of the same gender, and I do not favor civil unions if they are identical to marriage other than by name,"" Romney told Denver Fox affiliate KDVR-TV.",huffpost,0,37.82,-10.75
"Trump Jr. later on Monday confirmed his correspondence with WikiLeaks, posting several screenshots of the Twitter messages.",huffpost,0,37.82,-10.75
"""This dialogue is important. But it can't simply be that we have a conversation that begins based on what happened on August 9 and ends sometime in December, and nothing happens.",huffpost,0,37.82,-10.75
"Senator McCain and Governor Romney have subsequently opposed the savings that the president identified and demagogued the issue, ironically, since Governor Romney's running mate kept them in his budget.""",huffpost,1,37.82,-10.75
"Trump won the Republican nomination against a crowded field of 16 other candidates, many far more experienced in politics.",huffpost,0,37.82,-10.75
“This is a transparent and blatantly unconstitutional attempt to sow division and fan the flames of anti-immigrant hatred in the days ahead of the midterms.”,huffpost,0,37.82,-10.75
It doesn’t appear that was any part of [special counsel Robert] Mueller’s report.”,huffpost,0,37.82,-10.75
“We are seeing a systematic attack on our democracy and our rule of law that extends much further than just one isolated terrorist in Florida.,huffpost,0,37.82,-10.75
"He obtained his weapons legally, despite having been investigated by the FBI several times.",huffpost,0,37.82,-10.75
"America is an idea. America is an idea that sets people free.""",huffpost,0,37.82,-10.75
"The policy only applies to married couples, and not those in domestic partnerships or same-sex unions.",huffpost,0,37.82,-10.75
"Trump, returning to Washington after spending the holidays at his Florida resort, posted an early-morning tweet lashing out at former Clinton aide Huma Abedin, apparently in response to Abedin emails released by the State Department on Friday.",huffpost,1,37.82,-10.75
"Certainly, as the Washington Examiner's Phillip Klein notes, it will contribute to the general reluctance to talk substantively about Medicare reform out of a concern that it merely invites future attacks.",huffpost,0,37.82,-10.75
"Roger Stone, an eccentric longtime Republican strategist with a tattoo of Richard Nixon’s face on his back, was arrested early Friday on criminal charges that include obstruction of an official proceeding, false statements and witness tampering.",huffpost,1,37.82,-10.75
That the administration wavered over its public declarations of the cause of the assault -- repeatedly citing the video before eventually confirming that it was clearly an act of terrorism -- was widely interpreted among critics as evidence of a desire to suppress or conceal the truth.,huffpost,0,37.82,-10.75
"Two of the named plaintiffs, Christine Kwapnoski and Betty Dukes, attended the argument.",huffpost,0,37.82,-10.75
"At one point he appeared to mouth, ""I'm sorry.""",huffpost,0,37.82,-10.75
“You can definitely do it with an act of Congress.,huffpost,0,37.82,-10.75
Trump tweeted Tuesday that he had accepted an invitation to meet Peña Nieto in private.,huffpost,0,37.82,-10.75
"We are open for business, and open to all people.""",huffpost,0,37.82,-10.75
Russia was expelled from what was then the Group of Eight after its annexation of Crimea from Ukraine.,huffpost,0,37.82,-10.75
"Christie told supporters of his plans in a phone call Tuesday morning, according to NBC and the AP.",huffpost,0,37.82,-10.75
"We do not support this legislation.""",huffpost,0,37.82,-10.75
"""One party will tax and spend,"" he added at another point.",huffpost,0,37.82,-10.75
"His image suffered a major blow in 2014, when it was revealed members of his administration, including his deputy chief of staff, were involved in a plot to cause traffic jams near the George Washington Bridge to retaliate against a mayor who hadn't supported Christie's 2013 re-election.",huffpost,0,37.82,-10.75
"""They're followers of a false prophet.""",huffpost,1,37.82,-10.75
"That review showed that many changes were made to the original talking points -- drafted by a senior officer -- over concerns about accuracy, an FBI investigation and other bureaucratic matters.",huffpost,0,37.82,-10.75
"He did, however, weigh in on state gun control efforts currently being debated in Connecticut, which include a ban on high-capacity magazines and a broader assault weapons ban.",huffpost,0,37.82,-10.75
"The NRA said it needs ""time to digest"" the findings, but it commended Hutchinson and his team for contributions that ""will go a long way to making America's schools safer.""",huffpost,0,37.82,-10.75
"The FWS concluded that Zimbabwe has made strides to improve elephant management and anti-poaching efforts, according to a notice published Friday in the Federal Register.",huffpost,0,37.82,-10.75
"During multiple committee hearings and floor debate, GOP representatives castigated the bill as a federal power grab designed to help Democrats win elections by allowing increased voting access and nonpartisan gerrymandering.",huffpost,0,37.82,-10.75
It’s possible that the former FBI counterintelligence official’s extramarital relationship with Page also played a role in the FBI’s decision.,huffpost,0,37.82,-10.75
"The following month, Comey testified before the Senate that Trump had requested that Comey put an end to the agency’s investigation into Flynn.",huffpost,0,37.82,-10.75
It takes two-thirds of the Senate to override a veto.,huffpost,0,37.82,-10.75
"Foreign affairs is, we take care of ourselves first""",huffpost,0,37.82,-10.75
Boehner has refused to budge from his refusal to consider raising tax rates on top earners while arguing that heavy spending cuts are needed.,huffpost,1,37.82,-10.75
"""The First Amendment protects freedom of religion,"" reads a statement from Senate Majority Leader Harry Reid's office (D-Nev.).",huffpost,0,37.82,-10.75
"""The reality is, we have more people older and who are living longer, so we need to make changes.",huffpost,0,37.82,-10.75
"Trump said that he was ending the debate because he did not want to ""give up my right to run as an independent candidate,"" which he claimed the Republican Party was asking him to do if he wanted to moderate the debate.",huffpost,0,37.82,-10.75
HuffPost reported in November 2012 Christie turned down an invitation to appear at an event with Republican presidential candidate Mitt Romney days ahead of the election.,huffpost,0,37.82,-10.75
"""Federal law still prohibits marijuana, and existing jurisprudence (Gonzales v. Raich 2005) holds that federal law trumps state law when it comes to marijuana prohibition.",huffpost,0,37.82,-10.75
"Other officials in the GOP, including five senior Missouri Republicans, were less forgiving, however, suggesting that Akin had created an irreversible distraction and could no longer run as a viable candidate.",huffpost,0,37.82,-10.75
Thank you so much.,huffpost,0,37.82,-10.75
"In recent months, Obama has privately suggested that Sanders drop out of the race to help Democrats unite around Clinton and prepare for the general election.",huffpost,0,37.82,-10.75
"Since she will be pleading the Fifth, Taylor has asked the committee that she be excused from testifying.",huffpost,0,37.82,-10.75
"But the investigation is ongoing, and there hasn’t yet been a determination on possible collusion with the Trump campaign.",huffpost,0,37.82,-10.75
"""It was a private fact, but now known publicly thanks to the lieutenant governor, that he also brought cool,"" Patrick said to laughs.",huffpost,0,37.82,-10.75
But Brat unseated the House majority leader with 56 percent of the vote.,huffpost,0,37.82,-10.75
"According to the returns, the Clintons earned $140,937,785 over the eight year span, primarily from book sales and speaking fees.",huffpost,0,37.82,-10.75
The scholars say that it is true that “It calls for solutions to be enacted as close to the level of local communities as possible.,huffpost,0,37.82,-10.75
Rep. Mo Brooks (R-Ala.) told reporters that he used his belt as a tourniquet to stop a staffer’s bleeding.,huffpost,0,37.82,-10.75
"On Tuesday morning, a set of response points were circulated by Democrats close to Blumenthal's campaign:",huffpost,0,37.82,-10.75
"They are not secret, in that every member of Congress has been briefed,"" he said during a speech in San Jose, Calif.",huffpost,0,37.82,-10.75
Romney told a local Denver TV station earlier on Wednesday that he opposes both same-sex marriage and civil unions.,huffpost,0,37.82,-10.75
"Liberal groups, which are deeply skeptical whether Republicans will keep their word after years of inaction on codifying protections for the undocumented young people often called Dreamers, angrily slammed Democrats ― and in particular Senate Minority Leader Chuck Schumer (D-N.Y.) ― for giving away leverage with no firm promise that an immigration bill would reach President Donald Trump’s desk.",huffpost,1,37.82,-10.75
"Holder told others at the community college how he had been stopped on the New Jersey Turnpike and accused of speeding twice in the past, with police searching his car.",huffpost,0,37.82,-10.75
Immigration activists have targeted McCarthy specifically due to his high rank in the House GOP.,huffpost,0,37.82,-10.75
"He said there would be ""no daylight"" between him and Kerry on policy.",huffpost,0,37.82,-10.75
Just as the forecasts went up on the basis of this agreement they will go down if this agreement fails. That we know.,huffpost,0,37.82,-10.75
This country is capable of change. But change doesn't happen by itself.”,huffpost,0,37.82,-10.75
Lerner is a key figure in the unfolding IRS scandal.,huffpost,0,37.82,-10.75
But the attack on McCain's accounting was part of the assault nonetheless.,huffpost,1,37.82,-10.75
"The Pentagon chief, nicknamed “Mad Dog Mattis” during his time as a Marine, echoed Trump’s call for strengthening the military and beefing up its combat readiness.",huffpost,0,37.82,-10.75
"Had they been a heterosexual couple, Windsor's tax burden would have been zero.",huffpost,0,37.82,-10.75
“The governor is not mentally able to serve and needs to resign.”,huffpost,0,37.82,-10.75
"WASHINGTON — Two days after suddenly halting his own administration’s decision to begin allowing hunters to import elephants killed in two African countries, President Donald Trump called such trophy hunting a “horror show” and said he’s unlikely to change his mind and allow such imports.",huffpost,0,37.82,-10.75
"These included Citizens United v. Federal Election Commission, which opened the door to unlimited corporate spending in politics; Shelby County v. Holder, which overturned a key section of the voting rights act; and numerous pro-corporate decisions limiting the rights of citizens to challenge corporations in courts, reducing the ability of states to protect patient and privacy and allowing mutual funds to lie to investors.",huffpost,1,37.82,-10.75
"Obama, while saying he personally supports same-sex marriage, also said the issue should be left to the states to decide.",huffpost,0,37.82,-10.75
"Armed school personnel, called school resource officers, would also be required to undergo a ""background investigation, testing, and [have] relevant experience.""",huffpost,0,37.82,-10.75
"“There should be no one-on-one meeting between President Trump and Vladimir Putin,” Warner told reporters Friday.",huffpost,0,37.82,-10.75
"If he’s gone soft on Trump, it will hurt him greatly.",huffpost,0,37.82,-10.75
"Trump has long supported ending birthright citizenship, recommending in 2015 on the campaign trail that the country “start a process” to scrap it.",huffpost,0,37.82,-10.75
"The president's full-throated defense of the programs, albeit with the qualification that he welcomes debate, is unlikely to quell the outrage over the revelations.",huffpost,0,37.82,-10.75
Sellers said that lower courts had been persuaded by statistical and other evidence put forth so far in the lawsuit.,huffpost,0,37.82,-10.75
It is no surprise that Democrats find little need to take this opinion seriously anymore.,huffpost,0,37.82,-10.75
"""I'd like to know who those Hispanics are,"" Fox said.",huffpost,0,37.82,-10.75
"A day after telling reporters that he's ""not going to talk about this anymore,"" Congressman Anthony Weiner (D-N.Y.) broke his silence Wednesday about the controversy surrounding a lewd photo sent from his Twitter account.",huffpost,0,37.82,-10.75
"“It would’ve been a massacre without them,” he said.",huffpost,0,37.82,-10.75
There were few carrots to go along with the sticks.,huffpost,0,37.82,-10.75
The administration has for months tried to reduce the number of people seeking asylum in the U.S. as part of a broader effort to stem the flow of Central American migrants crossing the border from Mexico.,huffpost,0,37.82,-10.75
Trump implied earlier this month that he had “tapes” of discussions with recently fired FBI Director James Comey that would be damaging to Comey.,huffpost,0,37.82,-10.75
"Soon, Capt. Ron Johnson of the Missouri State Highway Patrol, who has earned some praise since he took over policing of Ferguson's nightly protests, stopped by to greet the attorney general.",huffpost,0,37.82,-10.75
"""They are pulling people together and focusing on the negative, and then it's hard to make anything positive out of that,"" said Anita L. Russell, president of the Kansas City, Mo., branch of the NAACP, which introduced the resolution.",huffpost,0,37.82,-10.75
"However, the governor and legislative leaders say they will seek to clarify that the law does not protect discrimination.",huffpost,0,37.82,-10.75
(Trump made waves by very loudly claiming he was considering running as a Republican earlier in the year.),huffpost,1,37.82,-10.75
"The offer would also give a three-year extension to 300,000 people from El Salvador, Haiti, Nicaragua and Honduras who are living in the U.S. under the temporary protected status program.",huffpost,0,37.82,-10.75
"The announcement comes on the 35th day of the longest shutdown in United States history and is a clear cave by Trump, whose impasse over the budget stems from his demands for $5.7 billion in funds for his long-promised wall along the U.S.-Mexico border ― a project Democratic lawmakers say is a firm deal-breaker.",huffpost,1,37.82,-10.75
"Flynn’s indictment, however, makes it increasingly difficult for the president to distance himself.",huffpost,0,37.82,-10.75
WASHINGTON — Real estate tycoon Donald Trump said Thursday he hopes questions surrounding Barack Obama’s U.S. citizenship won’t be the defining issue if he’s chosen as the Republican candidate to challenge the president’s re-election.,huffpost,0,37.82,-10.75
"Lieberman, who was the 2000 Democratic vice presidential nominee before losing a primary bid for re-election and becoming an independent, would be an unconventional choice.",huffpost,0,37.82,-10.75
“So much for balls and strikes.,huffpost,0,37.82,-10.75
"""I have been watching Governor Perry and Texas closely and know his border surge operations with state, local and federal law enforcement officials have helped shut down the illegal trafficking of weapons, drugs and people.",huffpost,0,37.82,-10.75
"Hodgkinson was member of the YMCA, Rucker said in a statement.",huffpost,0,37.82,-10.75
"The official said that he and other opponents of benefit cuts had been told that AARP's ""longstanding position"" hadn't changed, but there was some uncertainty about what that position actually is.",huffpost,0,37.82,-10.75
"Noah Nathan, 47, lives in a nearby apartment building and was at the dog park when the shooting took place.",huffpost,0,37.82,-10.75
"Citing two federal law enforcement officials involved in the investigation, BuzzFeed’s Thursday night report claimed that Trump directed Cohen to lie about negotiations over a Trump Tower in Moscow.",huffpost,0,37.82,-10.75
"Cowan will become the second black senator from Massachusetts, after Edward Brooke, who served from 1967 to 1979.",huffpost,0,37.82,-10.75
But the organization has already harshly criticized the Obama administration for overreach.,huffpost,1,37.82,-10.75
"“Today’s ruling provides certainty and clear, coherent tax filing guidance for all legally married same-sex couples nationwide.",huffpost,0,37.82,-10.75
"Rep. Bob Etheridge (D-N.C.) appeared unreceptive to the question of an anonymous reporter this weekend, when he grabbed the self-identified “student” after he asked the congressman if he “fully supported the Obama agenda.”",huffpost,0,37.82,-10.75
"According to BuzzFeed, “Cohen then acknowledged those instructions during his interviews with that office.”",huffpost,0,37.82,-10.75
"He deployed 5,200 active-duty troops to the border on Monday in what officials of his administration described as a necessary national security measure.",huffpost,0,37.82,-10.75
"Thursday night’s meeting marks the second time in a week the president and House speaker have met in person, and comes after at least two phone calls in recent days.",huffpost,0,37.82,-10.75
"It simply mirrors federal law that President Bill Clinton signed in 1993.""",huffpost,0,37.82,-10.75
"The group has faced occasional claims of racism, most notably in March near the end of the bitter health care debate.",huffpost,0,37.82,-10.75
"""I reacted to an article and quickly judged the two young ladies in a way that I would never have wanted to be judged myself as a teenager,"" she said.",huffpost,0,37.82,-10.75
"The Trumps also met with Crystal Griner, one of the two U.S. Capitol Police officers injured in the attack, and her wife.",huffpost,0,37.82,-10.75
"Raul Labrador, a 46-year-old Mormon father of five, tea party congressman and Puerto Rican-born only child of a single mother, will challenge House Majority Whip Kevin McCarthy (R-Calif.) for the position of House majority leader.",huffpost,0,37.82,-10.75
Schumer added that he believed he had the 41 votes necessary to filibuster the nomination.,huffpost,0,37.82,-10.75
Republican lawmakers have argued that the State Department and the White House were attempting to alter the talking points for political reasons and ignored suggestions and language put forward by the CIA.,huffpost,1,37.82,-10.75
"I ran on the Republican principles.""",huffpost,0,37.82,-10.75
"No one I have ever talked to.""",huffpost,0,37.82,-10.75
"Investigators identified Sayoc based on a fingerprint found on the package sent to Waters and a DNA sample from a previous arrest in Florida, DOJ officials said Friday.",huffpost,0,37.82,-10.75
"We're going to have to make some choices as a society,"" he said.",huffpost,0,37.82,-10.75
"""The legalization of marijuana is clearly in violation of the federal Controlled Substances Act and is not implemented in a vacuum.""",huffpost,1,37.82,-10.75
"Even if he doesn’t follow through or succeed, though, Trump’s vow to try aligns with other messaging and actions attacking undocumented immigrants ahead of the midterm elections next Tuesday.",huffpost,0,37.82,-10.75
"Christie has maintained that he had no involvement in, or knowledge of, the plan.",huffpost,0,37.82,-10.75
"The bill, known as the Justice Against Sponsors of Terrorism Act, prevents Saudi Arabia and other countries with alleged ties to terrorist groups from invoking their legal immunity in U.S. courts.",huffpost,0,37.82,-10.75
"Christie, a tough-talking former federal prosecutor whose reputation for political bullying was reinforced by a George Washington Bridge lane-closing scandal last year, has served as New Jersey governor since January 2010, winning election twice in a state where Democrats greatly outnumber Republicans.",huffpost,0,37.82,-10.75
"Of course, Biden was so demonstrative, so outsized, that it was hard to talk about anything else.",huffpost,0,37.82,-10.75
And they blasted “hysterical anti-hunters and news media outlets.”,huffpost,0,37.82,-10.75
"The FBI said it was processing a cell phone, a computer and a camera recovered from Hodgkinson’s van, which was in the parking lot of a YMCA adjacent to the park.",huffpost,0,37.82,-10.75
"White House press secretary Sarah Huckabee Sanders, traveling with the president on his trip to Asia, told reporters that Trump “believes that we cannot allow a mere allegation ― in this case, one from many years ago ― to destroy a person’s life” but that if the allegations are true, “Judge Moore will do the right thing and step aside.”",huffpost,0,37.82,-10.75
"Moore’s campaign denied the allegations, which The Washington Post first reported, telling the paper the accusations of four women are “the very definition of fake news.”",huffpost,0,37.82,-10.75
"If it wasn’t a party tracker or intern, why is the face blurred and why is the source hidden?",huffpost,0,37.82,-10.75
Kathy Griffin Apologizes For Controversial Images Of Bloodied Trump Head,huffpost,0,37.82,-10.75
Stone has previously admitted to being in contact with Julian Assange of WikiLeaks during the Trump campaign.,huffpost,0,37.82,-10.75
Republicans have made strict adherence to the Constitution a key tenet of their effort to reduce the size of the federal government.,huffpost,0,37.82,-10.75
"In an effort to touch on all four of those elements, the president recommended requiring criminal background checks for all gun sales; reinstating the assault weapons ban; restoring a 10-round limit on ammunition magazines; eliminating armor-piercing bullets; providing mental health services in schools; allocating funds to hire more police officers; and instituting a federal gun trafficking statute, among other policies.",huffpost,0,37.82,-10.75
"Democrats came to her defense, and other media outlets soon pointed out that the rules against using personal email were not relayed to government officials until 2014.",huffpost,0,37.82,-10.75
Politics Daily recently reported:,huffpost,0,37.82,-10.75
"The members were practicing for the Congressional Baseball Game, a D.C. tradition dating back to 1909.",huffpost,0,37.82,-10.75
"Summers himself, downplayed the significance of continuing the Bush tax cuts back in September -- though he was speaking, then, about the rates for the rich and the tax cut deal, at that point in time, did not include money for a 13-month extension of unemployment insurance or other tax incentives to help lower income workers.",huffpost,0,37.82,-10.75
Clinton is not the only government official to use a private email for work.,huffpost,0,37.82,-10.75
He held a joint press conference with Herman Cain in October after the two met to discuss immigration enforcement.,huffpost,0,37.82,-10.75
I don't believe that's what we're here to do ... We're not here to serve the earth.,huffpost,0,37.82,-10.75
"""These are programs that have been authored by large bipartisan majorities repeatedly since 2006.""",huffpost,0,37.82,-10.75
"Those actions include requiring federal agencies to hand over relevant data for a background check system; providing law enforcement officials, first responders and school officials with better training for active shooting situations; directing the Centers for Disease Control to research the causes and prevention of gun violence; and many more.",huffpost,0,37.82,-10.75
"""I intend to use whatever weight this office holds to make them a reality,"" said the president, speaking about his full set of recommendations.",huffpost,0,37.82,-10.75
"Because we’re gonna go in there, and we’re gonna impeach the motherfucker.”",huffpost,0,37.82,-10.75
A representative for his office told HuffPost in February that the congressman was waiting to see what changes lawmakers will add to the Congressional Accountability Act.,huffpost,0,37.82,-10.75
But that attack appeared a bit premature.,huffpost,0,37.82,-10.75
One of Ryan’s best one-liners came when he sought to explain these comments.,huffpost,0,37.82,-10.75
Obama spent the weekend lobbying members of his party to switch their votes next week.,huffpost,0,37.82,-10.75
"Instead, he began threatening to shut down the government early last year unless Congress gave him billions of dollars to build it ― even though the type of structure he wants remains unclear.",huffpost,1,37.82,-10.75
"""After many hours of prayer, talking to my parents and re-reading my words online, I can see more clearly how hurtful my words were.",huffpost,0,37.82,-10.75
"Members of LePage’s own party have been trying to deal with the headaches he’s caused as well, with one GOP state senator even talking about censuring him.",huffpost,1,37.82,-10.75
"A lengthy investigation and multiple rounds of Congressional testimony failed to produce a shred of evidence that Special Agent Strzok’s personal views ever affected his work,” Goelman said.",huffpost,0,37.82,-10.75
"Sen. Lindsey Graham (R-S.C.) announced Tuesday that he would introduce legislation “along the same lines as the proposed executive order from President Trump” to end birthright citizenship, a policy change he has supported for years.",huffpost,0,37.82,-10.75
"On the flip side, gay couples also will now be subjected to the so-called marriage penalty, in which some (usually upper-middle class) joint filers incur a higher tax burden than they would if they filed as single people.",huffpost,0,37.82,-10.75
"“I don't know if his staff didn't brief him or not, but somebody should have told him that these debates are split-screen,” Gillespie said.",huffpost,0,37.82,-10.75
"For Beck and the surrounding CPAC crowd, however, ideological purity was the path to redemption and recovery.",huffpost,0,37.82,-10.75
"At the base of this argument was a simple question that has been dogging Democrats ever since the infamous Bush v. Gore decision on the 2000 presidential election: Is the Supreme Court rigged to benefit corporations, the wealthy and, well, Republicans?",huffpost,1,37.82,-10.75
"Rep. Michael Grimm (R-N.Y.) is expected to be indicted by the U.S. attorney for the Eastern District of New York, Grimm's lawyer said Friday.",huffpost,0,37.82,-10.75
"All nine Republican members of the House Intelligence Committee are calling on Rep. Adam Schiff (D-Calif.) to resign as its chairman over his public comments about the Russia investigation, which did not determine that President Donald Trump or anyone on his campaign conspired with Russia to win the 2016 election.",huffpost,0,37.82,-10.75
"""This country is capable of change. But change doesn't happen by itself.""",huffpost,0,37.82,-10.75
Trump’s comments came at what was billed as the first Cabinet meeting of 2019.,huffpost,0,37.82,-10.75
"He may have a personal fondness for her, but Sen. John McCain (R-Ariz.) suggested Thursday that Hillary Clinton’s exclusive use of personal email while serving as secretary of state was hypocritical. ",huffpost,0,37.82,-10.75
"NBC further notes, “Strikingly, Trump . . . finishes first among Tea Party supporters (at 20 percent), followed by Romney (17 percent), Huckabee (14 percent), Palin (12 percent) and Gingrich (9 percent).”",huffpost,1,37.82,-10.75
I’m not going to say that I’m not going to finish it.,huffpost,0,37.82,-10.75
"Furthermore, I'd like to apologize to all of those who I have hurt and offended with my words, and pledge to learn and grow (and I assure you I have) from this experience.""",huffpost,0,37.82,-10.75
"Before approaching Mac and Cheese, the two turkeys, the president remarked that it was ""puzzling that I do this every year.""",huffpost,0,37.82,-10.75
"“Once the final bill is done and the law is changed and is complete and he can see that, he will make a determination of how he proceeds.”",huffpost,0,37.82,-10.75
"In a follow-up statement on Saturday, a BuzzFeed spokesman told The New York Times that the news site had “re-confirmed” its reporting and seen “no indication that any specific aspect of our story is inaccurate.”",huffpost,0,37.82,-10.75
“We’ve done it in the past. We will do it again by making that differentiation.”,huffpost,0,37.82,-10.75
"""They’re trying to make this election, as I said earlier, about anything other than the president’s failed economic policies.",huffpost,0,37.82,-10.75
"In fact, arrests for illegal border crossings are at their lowest levels since the 1970s.",huffpost,0,37.82,-10.75
"A day after Trump’s suspension, the Safari Club sent out a “call to arms,” encouraging hunters to contact Trump and Zinke and “tell them how much you appreciate the efforts of the Fish & Wildlife Service to remove barriers to sustainable use conservation for African wildlife.”",huffpost,0,37.82,-10.75
"Americans who want a great businessperson in the White House should look for someone who isn’t Trump, Bloomberg said.",huffpost,0,37.82,-10.75
"DANVILLE, Ky. –- Joe Biden did everything President Barack Obama did not last week, and a good bit more.",huffpost,0,37.82,-10.75
"Estimates of how many women could be included in the lawsuit run from 500,000 to 1.6 million.",huffpost,0,37.82,-10.75
"The 10-year-old lawsuit, argued in lively exchanges at the court Tuesday, claims that Wal-Mart Stores Inc., the world's largest employer, favors men over women in pay and promotions.",huffpost,0,37.82,-10.75
"The letter from Taylor states that her testimony would ""have no purpose other than to embarrass or burden her.""",huffpost,0,37.82,-10.75
"There were roughly 520,000 arrests for unauthorized border crossings last year, which is about one-third of the 1.6 million arrests that happened in 2000.",huffpost,0,37.82,-10.75
"Mattis, who served more than four decades in the military and headed the U.S. Central Command from 2010 to 2013, won Senate confirmation as defense secretary on Jan. 20, 2017, shortly after Trump’s inauguration.",huffpost,0,37.82,-10.75
"“But I don’t think it’s any worse than what the president has said,” she concluded.",huffpost,0,37.82,-10.75
"Shortly after Kristol called for his resignation, a GOP operative began pitching the column to reporters, hoping that the meme of Steele’s troubles would spread far and wide.",huffpost,0,37.82,-10.75
He has said newspapers are his greatest fear and joked about blowing up the headquarters of the Portland Press Herald.,huffpost,0,37.82,-10.75
"Instead, he got the aggressive label.",huffpost,0,37.82,-10.75
"""Or you might have a farmer from Iowa who never went to law school, never practiced law, serving as the next chair of the Senate Judiciary Committee,"" he continued, referring to Grassley.",huffpost,0,37.82,-10.75
But it's not impossible.,huffpost,0,37.82,-10.75
"In laying out what his campaign calls the ""Rubio Doctrine,"" the presidential hopeful said he was guided by three principles: ""American strength,"" ""the protection of the American economy in a globalized world"" and ""moral clarity regarding America’s core values.""",huffpost,0,37.82,-10.75
"A Kaine spokesman later told HuffPost that the senator was traveling during the vote, but had he been there, he would have voted to sustain the veto.",huffpost,0,37.82,-10.75
"The Obama administration is not mentioned by name in the latest spot, but it implicitly underscores the GOP’s narrative on the president’s relationship with the country’s closest ally.",huffpost,0,37.82,-10.75
"In May, Hillary Clinton filed a disclosure with the Federal Elections Commission showing the couple had earned approximately $30 million from book sales and speeches in 2014 and the first four months of 2015.",huffpost,0,37.82,-10.75
But the number one goal for Biden all night was obvious from the outset: push back. Hard.,huffpost,0,37.82,-10.75
"“Threats made against @SecretService protectees receive the highest priority of all of our investigations,” with the hashtag #ProtectionNeverRests.",huffpost,0,37.82,-10.75
"And he then added: “With respect to that quote, I think the vice president very well knows that sometimes the words don't come out of your mouth the right way.”",huffpost,0,37.82,-10.75
The timing of the White House's document release raises its own set of questions.,huffpost,0,37.82,-10.75
The first retail marijuana shops opened their doors on New Years Day 2014.,huffpost,0,37.82,-10.75
The president said Schiff should be “forced” to step down from Congress entirely.,huffpost,0,37.82,-10.75
"WASHINGTON - And on the second day of Republican rule, the House read the Constitution.",huffpost,0,37.82,-10.75
“We are giving him a Republican path to do that.,huffpost,0,37.82,-10.75
We believe this suit is without merit and we will vigorously defend against it in the U.S. Supreme Court.”,huffpost,0,37.82,-10.75
"WASHINGTON -- The nation's leading advocate for senior citizens says that it hasn't wavered in its opposition to cutting Social Security benefits, though a top official with the group said it is open to a discussion about raising the retirement age and other changes.",huffpost,0,37.82,-10.75
He pleaded guilty to conspiracy before U.S. District Judge Robert L. Wilkins.,huffpost,0,37.82,-10.75
"When it becomes injected or infused with politics, that's a problem.""",huffpost,0,37.82,-10.75
"“I am afraid that Chairman Ryan’s budget reflects the values of his favorite philosopher Ayn Rand rather than the gospel of Jesus Christ,” said Father Reese.",huffpost,0,37.82,-10.75
"""I abhor discrimination.",huffpost,0,37.82,-10.75
"""He's cool,"" Murray said of Cowan.",huffpost,0,37.82,-10.75
"Senate Majority Leader Mitch McConnell (R-Ky.) announced Thursday on the Senate floor that Trump planned to sign the bill and declare a national emergency at the same time, adding that he supported the decision.",huffpost,0,37.82,-10.75
"Bloomberg’s scathing speech seemed designed to chafe Trump’s rawest nerves, mocking Trump’s business prowess, his inheritance from his late father, his ego and his intellect.",huffpost,0,37.82,-10.75
"Arkansas Gov. Asa Hutchinson (R) signed a revised version of the state's Religious Freedom Reformation Act on Thursday, one day after refusing to sign an earlier version of the bill over concerns about discrimination against lesbian, gay, bisexual and transgender individuals.",huffpost,0,37.82,-10.75
“I don’t like that language.,huffpost,0,37.82,-10.75
"A separate attendee, Molyrik Welch, noted to another reporter that her brother had died following an encounter with Ferguson police in 2011.",huffpost,0,37.82,-10.75
"""If it's a legitimate rape, the female body has ways to try to shut that whole thing down.",huffpost,0,37.82,-10.75
Trump and the White House have long claimed that the investigations into the campaign have nothing to do with Trump himself.,huffpost,0,37.82,-10.75
"Responding to the statement from Mueller’s office on their report, BuzzFeed Editor-in-Chief Ben Smith said it stands by its reporting and asked the special counsel’s office to clarify its statement.",huffpost,0,37.82,-10.75
"Former Mexican President Vicente Fox says Mexico will not pay for a wall along the U.S. border, despite what GOP presidential hopeful Donald Trump may claim.",huffpost,0,37.82,-10.75
"After Trump won the election, Wikileaks suggested that Trump should prod Australia to appoint the site’s founder, Julian Assange, ambassador to the United States.",huffpost,0,37.82,-10.75
"“If true, the president committed a crime and must be held accountable.”",huffpost,0,37.82,-10.75
"""You can now see what the Congress has seen -- collectively these emails make clear that the interagency process, including the White House's interactions, were focused on providing the facts as we knew them based on the best information available at the time and protecting an ongoing investigation.",huffpost,0,37.82,-10.75
"Cowan embraced the temporary appointment Wednesday, repeating over and over that his stint would be short.",huffpost,0,37.82,-10.75
NEW YORK -- U.S. Sen. Marco Rubio (R-Fla.) set forth a foreign policy vision Wednesday that invoked President John F. Kennedy in an assertive call to project American power abroad.,huffpost,1,37.82,-10.75
"Passion was the thing Obama lacked last week, and Romney surprised the president and Democrats by talking constantly about how his policies would help the middle class.",huffpost,0,37.82,-10.75
"Earlier, Sen. Mark Warner (D-Va.) released a statement immediately after the Mueller report was revealed to be complete, demanding that Barr quickly put together a redacted, releasable version for Congress to access.",huffpost,0,37.82,-10.75
Hmmm...nothing like the courage of the anonymous protester.,huffpost,0,37.82,-10.75
"By Saturday, the president clarified that he was not speaking about the ""wisdom"" of the Islamic cultural center per se, just the right of the group to build the Cordoba House in downtown Manhattan.",huffpost,0,37.82,-10.75
"""The good news is dollars don't vote, people do,"" Brat told Hannity.",huffpost,0,37.82,-10.75
"The vote broke down on party lines, with Republicans in hardened opposition.",huffpost,1,37.82,-10.75
Many cited the endemic corruption of money in politics as a top complaint they heard on the campaign trail from constituents.,huffpost,0,37.82,-10.75
"“Throughout his career, Trump has left behind a well-documented record of bankruptcies, thousands of lawsuits, angry stockholders and contractors who feel cheated and disillusioned customers who feel ripped off,” Bloomberg said.",huffpost,0,37.82,-10.75
It gave the explosive Norwalk video recording to The Times.,huffpost,0,37.82,-10.75
“We will continue to investigate the counterintelligence issues.,huffpost,0,37.82,-10.75
The lawmaker is running for re-election in November against Democrat Ammar Campa-Najjar.,huffpost,0,37.82,-10.75
The national emergency declaration gives Trump a chance to reroute other government money to fund the project ― and sets up a legal battle that could tie up the president’s signature project for months or years.,huffpost,0,37.82,-10.75
"""Rage"" is a word that doesn't appear in Newsweek's actual profile of Bachmann, though author Lois Romano does criticize what she calls the ""radical"" nature of the Tea Party that Bachmann champions.",huffpost,0,37.82,-10.75
"The cameraman replies, “we’re just here for a project...we’re just students.”",huffpost,0,37.82,-10.75
"The “President cannot obstruct justice because he is the chief law enforcement officer under [the Constitution’s Article II] and has every right to express his view of any case,” Dowd said.",huffpost,0,37.82,-10.75
"The total wall funding will now come to about $8 billion, partially approved by Congress but mostly by Trump alone.",huffpost,0,37.82,-10.75
Republican National Committee spokesman Tim Miller called Biden “unhinged.”,huffpost,1,37.82,-10.75
The site said the photo was tweeted to a female college student in Seattle.,huffpost,0,37.82,-10.75
"When asked if Obama had thrown Israel under a bus, Netanyahu responded, “There is no bus.”",huffpost,0,37.82,-10.75
"Braley's remarks were released Tuesday by America Rising, a conservative political action committee which conducts opposition research on Democrats.",huffpost,0,37.82,-10.75
"FactCheck.org rated the Obama ad as ""false,"" noting that the McCain campaign wasn't talking about slashing benefits but limiting waste and slowing the rate of growth.",huffpost,0,37.82,-10.75
News of the Clinton conversation was first reported by Greg Sargent at The Plum Line.,huffpost,0,37.82,-10.75
"Hours before Trump’s review announcement, the FWS defended its decision as “part of a robust United States conservation strategy that seeks to eliminate poaching and associated wildlife trafficking.”",huffpost,0,37.82,-10.75
"There are, of course, those who think we should pull out of Afghanistan, and they’re certainly entitled to make their case.",huffpost,0,37.82,-10.75
"At a time when Gen. Petraeus has just taken over command, when Republicans in Congress are pushing for a clean war funding resolution, when Republicans around the country are doing their best to rally their fellow citizens behind the mission, your comment is more than an embarrassment.",huffpost,0,37.82,-10.75
WASHINGTON ― Democrats provided votes to fund the government on Monday in exchange for an assurance from Senate Majority Leader Mitch McConnell (R-Ky.) that he would put an immigration bill on the floor in the coming weeks.,huffpost,0,37.82,-10.75
"“Beyond its symbolic power, however, it is unclear what impact the new rule will have upon the nation.",huffpost,0,37.82,-10.75
"Federal employees will get back pay “very quickly or as soon as possible,” he said.",huffpost,0,37.82,-10.75
"""You've been debating a commemorative coin for baseball.",huffpost,0,37.82,-10.75
"Prior to the declaration, House Speaker Nancy Pelosi (D-Calif.) called the proclamation a “gross abuse of the power of the presidency” and vowed that “Congress will defend our constitutional authorities.”",huffpost,0,37.82,-10.75
"He has a history of multiple arrests, including for felony grand theft and misdemeanor retail theft.",huffpost,0,37.82,-10.75
"Progressive groups lined up to rally support for Frank, but Patrick reportedly bristled at his public pursuit of the seat.",huffpost,1,37.82,-10.75
"“I now look forward to working for the election of Ed Markey to continue this work, and to providing President Obama the support he deserves in carrying out the mandate he received in November.""",huffpost,0,37.82,-10.75
"According to the Washington Post, Seddique Mateen expressed gratitude toward the Afghan Taliban in videos posted online.",huffpost,0,37.82,-10.75
"Nominees have, in turn, generally refused to answer any question directly, in an appparent fear of revealing any bias about a potential future case they may hear.",huffpost,0,37.82,-10.75
While the president's team has pointed to the Republican plan to turn Medicare into a quasi-voucher program -- in which recipients would receive a check to buy either insurance through the private market or traditional Medicare -- the Romney team has responded by noting that Obama took more than $700 billion out of Medicare as part of his health care overhaul.,huffpost,0,37.82,-10.75
"""The wait would not cause a double dip,"" he said.",huffpost,0,37.82,-10.75
Today's story unfortunately distorts Dick Blumenthal's record of service by implying that he did not serve.,huffpost,0,37.82,-10.75
"Officially, this wasn't correct.",huffpost,0,37.82,-10.75
"“You can’t really blame Nancy Pelosi for gerrymandering and for the national election,” Rep. Hank Johnson (D-Ga.) told reporters.",huffpost,0,37.82,-10.75
"His response: ""Well, I have people that actually have been studying it and they cannot believe what they're talking.""",huffpost,0,37.82,-10.75
Much of this work was begun while Democrats languished in the House minority.,huffpost,0,37.82,-10.75
Politico reported Tuesday that Perry bought $1 million in broadcast television time ahead of the Jan. 3 caucuses.,huffpost,0,37.82,-10.75
"Washington Gov. Jay Inslee (D) announced Monday that he would ban state-funded travel to Indiana, where a controversial new law could allow businesses to deny service to gay and lesbian individuals for religious reasons.",huffpost,0,37.82,-10.75
"Pelosi’s understanding of Midwesterners, or lack thereof, is what Ryan highlighted as the party’s biggest problem.",huffpost,1,37.82,-10.75
"RNC Chairman Michael Steele is expected by some to announce that he will not seek a second term as the head of the Republican National Committee, according to multiple reports.",huffpost,0,37.82,-10.75
"They said the campaign finance disclosures and the public funding of elections assaulted free speech rights, the ethics laws were too broad and unnecessary, and the creation of a federal election day holiday was an unnecessary benefit for lazy workers.",huffpost,0,37.82,-10.75
A double dip recession?,huffpost,0,37.82,-10.75
"The savings come predominantly from limiting waste, fraud and abuse, mostly in Medicare Advantage, and are budgeted to help subsidize insurance for people under the ACA.",huffpost,0,37.82,-10.75
"Sen. Pat Leahy (D-Vt.) called this “an extraordinary blockade.” “It was totally unprecedented in our country’s whole history,” he added.",huffpost,0,37.82,-10.75
"Trump, however, did not mention them during extended remarks he offered shortly before his meeting with the eight top Democratic and Republican congressional leaders.",huffpost,0,37.82,-10.75
"According to the report issued by the Department of the Treasury Inspector General for Tax Administration, Lerner had to correct the criteria developed by the Cincinnati office twice because she and other top IRS officials found that they were using politically fraught terms as they sought to make sure groups were properly applying for tax exemption.",huffpost,0,37.82,-10.75
He promptly deleted his Twitter and Facebook profiles.,huffpost,0,37.82,-10.75
Rep. Stephen Lynch (D-Mass.) is expected to announce his bid Thursday for the seat.,huffpost,0,37.82,-10.75
"Holder told the students he understands ""the mistrust"" between some residents and the police.",huffpost,0,37.82,-10.75
"The Safari Club’s political action committees donated a collective $24,500 to Trump’s presidential campaign and Zinke’s 2014 and 2016 congressional campaigns, according to Federal Election Commission data.",huffpost,0,37.82,-10.75
"He agreed somewhat to what everyone said,” McCoy added.",huffpost,0,37.82,-10.75
"A more congenial Rick Santorum doubled down on several controversial, and religiously laden, remarks in an interview Sunday morning on CBS's ""Face the Nation,"" where he defended his recent claims that prenatal testing results in abortions, that federally provided education was ""anachronistic,"" and that President Obama's policies are not ""based on the Bible.""",huffpost,0,37.82,-10.75
Sen. Scott Brown (R-Mass.) recently introduced a compromise bill on extending unemployment benefits.,huffpost,0,37.82,-10.75
"Obama adviser David Axelrod said ""Andrew is a unique thinker, and I can't speak for how he might react to this.",huffpost,0,37.82,-10.75
"Known for his blunt speaking style, Christie has acknowledged that he can come off brash and confrontational.",huffpost,0,37.82,-10.75
"""It is going to be a very good year.",huffpost,0,37.82,-10.75
"Now lets just hope she stays out of jail,” a representative for Shields told HuffPost.",huffpost,0,37.82,-10.75
"But I am talking about his worldview, the way he addresses problems in this country, and they're different than most people view it in America.""",huffpost,0,37.82,-10.75
"WASHINGTON ― President Donald Trump is “very close” to selecting an interim candidate to replace former FBI Director James Comey, he told White House reporters on Thursday.",huffpost,0,37.82,-10.75
"In their remarks on Sunday, both Obama and Clinton referred to the shooting as an “act of terror"" and an ""act of hate.""",huffpost,0,37.82,-10.75
"But in recent days, it has come under intense criticism from activists, lawmakers and business interests both in Arizona and nationally.",huffpost,0,37.82,-10.75
"By contrast, Romney operatives in the spin room said Ryan clearly won on substance and composure while Biden devolved into fits of laughter and audible groans.",huffpost,1,37.82,-10.75
"Clinton said she wants to ""find out what's in it and make it as good as it can be,"" and pushed for more transparency ""so the American people can actually see what will be in a finalized deal.""",huffpost,0,37.82,-10.75
The message was hardly subtle. But it certainly was debatable.,huffpost,0,37.82,-10.75
"But it also demands that higher levels of government provide help—‘subsidium’—when communities and local governments face problems beyond their means to address such as economic crises, high unemployment, endemic poverty and hunger.”",huffpost,0,37.82,-10.75
"""Faith made America strong. It can make her strong again.""",huffpost,0,37.82,-10.75
"Federally or state-run education is not designed to meet the needs of the customer.""",huffpost,0,37.82,-10.75
"The night's 90-minute debate, the only one for the two vice presidential candidates, fluctuated between domestic policy and foreign policy, with ABC's Martha Raddatz, a reporter with vast foreign policy experience, asking numerous questions about events overseas.",huffpost,0,37.82,-10.75
"For that reason alone, he should step down.",huffpost,0,37.82,-10.75
"""I'm not ashamed to admit I'm a Christian,"" says Perry.",huffpost,0,37.82,-10.75
Trump responded to Cruz's allegations in a statement on Friday afternoon:,huffpost,0,37.82,-10.75
"McMahon, the CEO of World Wrestling Entertainment, is one of the Republican Senate candidates running to face Blumenthal in November.",huffpost,0,37.82,-10.75
"Rubio has also opposed the Obama administration’s negotiations with Iran over its nuclear program, pressed for more support of rebels in Syria and advocated to increase aid to the government of Ukraine to counter Russia's influence in the east of the country.",huffpost,0,37.82,-10.75
The same kid who got stopped on the New Jersey freeway is now the attorney general of the United States.,huffpost,0,37.82,-10.75
"Boehner, meanwhile, told lawmakers earlier Thursday not to make plans for Christmas, signaling that there may not realistically be a final deal until the very end of the month.",huffpost,0,37.82,-10.75
But putting together ideas is the easy part.,huffpost,0,37.82,-10.75
Bush paid an effective tax rate of roughly 36 percent over those three decades.,huffpost,0,37.82,-10.75
"As scholars, we want to join the Catholic bishops in pointing out that his budget has a devastating impact on programs for the poor.”",huffpost,1,37.82,-10.75
"“I’m not aware [that] any justice before has ever commented on the merits or demerits of a presidential candidate,” said Ed Whelan, the president of the Ethics and Public Policy Center and a frequent contributor to the conservative National Review Online, where he has chronicled this episode and what he deems Ginsburg’s “remarkable record of indiscretions.”",huffpost,0,37.82,-10.75
"In addition, I intend to file cloture this week on the 9/11 health bill.",huffpost,0,37.82,-10.75
That's not putting people back to work.,huffpost,0,37.82,-10.75
"""We need to keep it that way. We want it that way. I think Israel wants it that way. The American people want it that way.",huffpost,0,37.82,-10.75
"I'll file cloture on all three of these at the same time.""",huffpost,0,37.82,-10.75
"He has criticized Attorney General Jeff Sessions numerous times for recusing himself from supervising the Russia investigation, and claims to have the right to direct government investigations himself.",huffpost,0,37.82,-10.75
"""The same kid who got stopped on the New Jersey freeway is now the attorney general of the United States,"" Holder added.",huffpost,0,37.82,-10.75
"See the Bachmann cover below, and tell us whether you think it crosses a line.",huffpost,0,37.82,-10.75
"Pelosi reasoned that while Trump’s comments have the power to “impact people’s lives,” the new congresswoman’s comments do not.",huffpost,0,37.82,-10.75
"""Have you gone today?""",huffpost,0,37.82,-10.75
"The problem with plans to hike taxes is that they're politically unfeasible because of congressional Republicans' adamant opposition to any sort of tax increase, much less a tax increase not accompanied by a spending cut.",huffpost,1,37.82,-10.75
"Ryan was, as usual, knowledgeable and in command of the facts.",huffpost,0,37.82,-10.75
The investigation was internal at first with the White House reaching conclusions at least two-and-a-half months ago.,huffpost,0,37.82,-10.75
"White House officials were reportedly furious that the indictments were announced by U.S. Deputy Attorney General Rod Rosenstein on Friday morning, just days before the planned summit with Putin.",huffpost,0,37.82,-10.75
That separates Mr. Reid from President Obama’s support of the developers’ right to build the center.,the-new-york-times,0,40.94,-7.94
"Suggesting that the photo might have been altered, he alluded to a “Daily Show” sketch on Tuesday in which the comedian Jon Stewart, a longtime friend, had joked that the photo could not have been of the congressman.",the-new-york-times,0,40.94,-7.94
"Mr. Sayoc, a registered Republican, has a lengthy criminal history in Florida dating back to 1991 that includes felony theft, drug and fraud charges, as well as being arrested and accused of threatening to use a bomb, public records show.",the-new-york-times,0,40.94,-7.94
"And it’s shaping up to be kind of a nasty day, but it’s still morning in America.”",the-new-york-times,0,40.94,-7.94
Mr. Vance left over President Jimmy Carter’s decision to attempt a rescue effort for American hostages in Iran that Mr. Vance considered ill-advised and that ended in tragedy.,the-new-york-times,0,40.94,-7.94
But Mr. Gingrich showed no sign of backing down on Monday.,the-new-york-times,0,40.94,-7.94
"He spoke of 1968 and of the political violence he had seen up close as a civil rights leader, invoking Martin Luther King Jr. and Robert F. Kennedy.",the-new-york-times,0,40.94,-7.94
"In coming weeks, Senator Charles E. Schumer, Democrat of New York, will reintroduce a measure that would require every gun buyer, with limited exceptions, to undergo a background check and would force states to feed all relevant data into the background check system so those with criminal convictions and the mentally ill could be flagged.",the-new-york-times,0,40.94,-7.94
"“And to actively do nothing is a decision, as well.”",the-new-york-times,0,40.94,-7.94
But strategists said Democrats could counter the Republican offensive by labeling the mosque dispute as a local issue and saying Democrats remain focused on the economy.,the-new-york-times,0,40.94,-7.94
“I hope that the articles of impeachment are the subject of hearings before the Judiciary Committee early in 2019.”,the-new-york-times,0,40.94,-7.94
"The rare public statement by a spokesman for the special counsel, Robert S. Mueller III, challenged the facts of an article published by BuzzFeed News on Thursday saying that Mr. Cohen had told prosecutors about being pressured by the president before his congressional testimony.",the-new-york-times,0,40.94,-7.94
"“But in the end, if we are smart, tough and well prepared, we will get along with everyone!",the-new-york-times,0,40.94,-7.94
"“The Constitution and the federal antidrug laws do not permit the development of a patchwork of state and local pro-drug policies and licensed distribution schemes throughout the country,” the lawsuit says.",the-new-york-times,0,40.94,-7.94
"On Tuesday he repeated his apology for that comment, calling it “very inappropriate,” his latest effort to try to win back some Republican primary voters who abandoned him as rivals sought to paint him as too soft on illegal immigration.",the-new-york-times,1,40.94,-7.94
The ruling applies to all legal marriages made in the United States or foreign countries.,the-new-york-times,0,40.94,-7.94
"Former Vice President Joseph R. Biden Jr. and his wife, Jill, rode an Amtrak train to Delaware and the home they have there.",the-new-york-times,0,40.94,-7.94
"Her comments marked the strongest public rebuke to date by the Obama administration since Mr. Netanyahu accepted an invitation from Speaker John A. Boehner to make his case to Congress against a nuclear deal with Iran, which is a priority of Mr. Obama’s.",the-new-york-times,0,40.94,-7.94
"Instead, it provided $1.375 billion for about 55 miles of fencing.",the-new-york-times,0,40.94,-7.94
Ms. Rice demurred when asked whether she believed Mr. Netanyahu was making the speech to gain political favor.,the-new-york-times,0,40.94,-7.94
"In addition to the many lingering questions about the shooting, the local authorities have also come under criticism for how they have handled the protests.",the-new-york-times,0,40.94,-7.94
"A little before 10 p.m., the Democrats secured their final out for an 11-2 victory, taking a 40-to-39 edge in the lifetime series.",the-new-york-times,0,40.94,-7.94
"One of the sharpest exchanges of the day came when Mrs. Clinton responded to questions from Senator Ron Johnson, a Wisconsin Republican, by saying there was too much focus on how the Benghazi attack had been characterized in its early hours and not enough on how to prevent a recurrence.",the-new-york-times,0,40.94,-7.94
"Documents released on Friday showed how Mr. Jackson used his campaign money to buy items like fur capes, celebrity memorabilia and expensive furniture.",the-new-york-times,0,40.94,-7.94
"Democrats contend that, like Mr. Obama’s views, Mr. Romney’s feelings about gay rights have evolved, but in the opposite direction: During his campaign for the Senate in 1994, Mr. Romney vowed to seek “full equality” for gays and lesbians, in a letter to the Log Cabin Republicans of Massachusetts.",the-new-york-times,0,40.94,-7.94
"He has vowed to “open up” the nation’s libel laws, even though those statutes are in fact state, not federal, laws.",the-new-york-times,0,40.94,-7.94
"“These indictments are further proof of what everyone but the president seems to understand: President Putin is an adversary who interfered in our elections to help President Trump win,” Senator Chuck Schumer of New York, the Democratic leader, said, adding that Mr. Trump should cancel the meeting “until Russia takes demonstrable and transparent steps to prove that they won’t interfere in future elections.”",the-new-york-times,0,40.94,-7.94
"“Christie was excellent yesterday and Newt is excellent.” Mr. Trump will appear on Tuesday night in Indiana with Gov. Mike Pence, who has risen in the estimation of many of the nominee’s advisers.",the-new-york-times,0,40.94,-7.94
"“It was unsettling, and also it seemed to be occupied. ",the-new-york-times,0,40.94,-7.94
"“Just because you’re only getting 30 percent of the vote in some area doesn’t mean you shouldn’t go there,” said Representative Cedric L. Richmond of Louisiana.",the-new-york-times,0,40.94,-7.94
"FreedomWorks, which has provided financial support for Tea Party candidates, immediately began trying to generate support for Mr. Labrador through its websites and email lists.",the-new-york-times,0,40.94,-7.94
"“He blows away their case against him & now wants to clear his name by showing ‘the false or misleading testimony by James Comey, John Brennan …’ Witch Hunt!”",the-new-york-times,0,40.94,-7.94
"But he now opposes Mr. Obama’s warming of relations with Havana, calling Cuba’s government tyrannical.",the-new-york-times,0,40.94,-7.94
Mrs. Clinton invoked Ms. Pelosi’s name twice during her remarks and appeared to agree with Ms. Pelosi that “there are some specifics in there that could and should be changed.”,the-new-york-times,0,40.94,-7.94
Mrs. Clinton gave a voluntary interview to the bureau in July 2016 during its investigation into whether she or her aides broke the law by corresponding through a private email server set up for her use as secretary of state.,the-new-york-times,0,40.94,-7.94
Tickets for the family to see the Irish dance show Riverdance at the San Diego Civic Theater became “San Diego Civic Center for Republican Women Federated/Fund-raising.”,the-new-york-times,0,40.94,-7.94
"The declaration gives Patrick Shanahan, the acting defense secretary, broad latitude to carry out this process.",the-new-york-times,0,40.94,-7.94
"And to emphasize that she was not shying away from drawing attention to her view, Mary Cheney concluded her Facebook post: “Please like and share if you agree.”",the-new-york-times,1,40.94,-7.94
"House interns hauled signs: “Scalise Strong,” “Capitol Police MVP” and “Unvidvided” in red, white, and blue.",the-new-york-times,0,40.94,-7.94
"Elected officials, civic leaders and business groups spoke out publicly against the measure, which passed both houses of the Legislature on Thursday.",the-new-york-times,0,40.94,-7.94
"The White House under Mr. Emanuel has also leaned on Gov. David Paterson of New York to drop out of this year’s gubernatorial race, which he eventually did under a cloud of scandal.",the-new-york-times,0,40.94,-7.94
"Calling the wall “a powerful and beautifully designed see-through steel barrier on our southern border,” Mr. Trump said: “This is not a 2,000-mile concrete structure from sea to sea.",the-new-york-times,0,40.94,-7.94
That line is a not-so-veiled swipe at President Obama.,the-new-york-times,0,40.94,-7.94
“I have not done anything wrong.,the-new-york-times,0,40.94,-7.94
Listening to Michael R. Bloomberg rage about Donald J. Trump in his speech at the Democratic National Convention this week — labeling him a public menace and hinting that he was not quite sane — it would be easy to think that the two billionaires had a rift going back many years.,the-new-york-times,1,40.94,-7.94
"Riley Seibenhener, the party chairman in Geneva County, told Mr. Dale that if the allegations were true, he would not support the candidate.",the-new-york-times,0,40.94,-7.94
Mr. Trump once encouraged Mr. Flynn to seek an immunity deal.,the-new-york-times,0,40.94,-7.94
"At one point during the hearing, the judge stopped his questioning of Mr. Jackson, who was crying, so that he could be given a tissue.",the-new-york-times,0,40.94,-7.94
"Besides the royalties from his books and his speaking fees, Mr. Clinton earned nearly $20 million between 2011 and 2014 for advising or consulting companies.",the-new-york-times,0,40.94,-7.94
"“Social Media is totally discriminating against Republican/Conservative voices,” Mr. Trump wrote on Twitter, saying that “censorship is a very dangerous thing.”",the-new-york-times,1,40.94,-7.94
"Sometimes the door would be ajar or a window would be open, which indicated to me that maybe somebody was living in the van.”",the-new-york-times,0,40.94,-7.94
"Mr. Patrick showed similar deftness, skirting a question about why he had not picked former Representative Barney Frank, who had asserted that he would have loved the interim appointment.",the-new-york-times,0,40.94,-7.94
"“I feel responsible for the nearly 70,000 people who work for the State Department,” Mrs. Clinton told the Senate Foreign Relations Committee in the morning.",the-new-york-times,0,40.94,-7.94
"Was he sure, Mr. Jordan asked, that the I.R.S. targeting never came up?",the-new-york-times,0,40.94,-7.94
"In a CNN interview in January, Mr. Trump voiced skepticism that Mr. Bloomberg was worth as much as Forbes magazine estimated and speculated that Mr. Bloomberg’s company, which provides data terminals to financial firms and wealthy individuals, was vulnerable to competitors.",the-new-york-times,0,40.94,-7.94
"The savings, she said, “do not cut a single guaranteed Medicare benefit.”",the-new-york-times,0,40.94,-7.94
"A spokeswoman for Representative K. Michael Conaway of Texas, the Republican leading the investigation, did not immediately respond to a request for comment.",the-new-york-times,0,40.94,-7.94
"WASHINGTON — Peter Strzok, the F.B.I. senior counterintelligence agent who disparaged President Trump in inflammatory text messages and helped oversee the Hillary Clinton email and Russia investigations, has been fired for violating bureau policies, Mr. Strzok’s lawyer said Monday.",the-new-york-times,0,40.94,-7.94
Mr. Jackson’s plea was yet another chapter in the downward spiral of his career.,the-new-york-times,0,40.94,-7.94
“We need a great director of the F.B.I. I cherish the F.B.I.,the-new-york-times,0,40.94,-7.94
A spokeswoman for Mr. Farenthold did not respond to questions about whether he had fulfilled that promise or whether he would do so after resigning.,the-new-york-times,0,40.94,-7.94
"Democrats have continued to call for Mr. LePage’s ouster, and on Wednesday said they were scheduling meetings with Republican leadership to discuss how to proceed.",the-new-york-times,0,40.94,-7.94
"In a statement Friday, Mr. Sestak said Mr. Clinton had conveyed Mr. Emanuel’s suggestion that he join a “presidential board” while remaining in the House, but he declined.",the-new-york-times,0,40.94,-7.94
Mr. Clapper also said that on Wednesday night he had taken precautions after the first packages were discovered. ,the-new-york-times,0,40.94,-7.94
"“We’ve got a real challenge,” Mr. Boehner said.",the-new-york-times,0,40.94,-7.94
"Among those predicting a flurry of judicial decisions against Mr. Trump was George T. Conway III, a conservative lawyer and the husband of Kellyanne Conway, the president’s counselor.",the-new-york-times,0,40.94,-7.94
"WASHINGTON — House Republicans are preparing to unveil their own broad template for overhauling the nation’s immigration system this week, potentially offering a small opening for President Obama and congressional Democrats to pass bipartisan legislation before the end of the year.",the-new-york-times,0,40.94,-7.94
"Supporters from both parties raised hot dogs and beers, catching up on acquaintances in common.",the-new-york-times,0,40.94,-7.94
Many federal contractors do not expect to be repaid for their work during the shutdown.,the-new-york-times,0,40.94,-7.94
"“He should have never been here in the first place,” she said.",the-new-york-times,0,40.94,-7.94
But Democrats are still operating as though the Tea Party is more powerful than The Resistance.”,the-new-york-times,0,40.94,-7.94
"The Republican Governors Association announced on Thursday that he would make fund-raising trips to Illinois, Texas, Massachusetts, Georgia, Connecticut and Utah in the coming months.",the-new-york-times,0,40.94,-7.94
"“Elected representatives should jealously guard the public’s trust, not abuse their positions for personal gain,” Mr. Braverman added.",the-new-york-times,0,40.94,-7.94
"“I get you’re both in those awful teen years, but you’re a part of the First Family, try showing a little class,” she wrote above a picture of the unenthused Obama daughters.",the-new-york-times,0,40.94,-7.94
"Though Tea Party activists provided the energy and votes for Mr. Cantor’s ouster, the elections might be more of a plea for a place at the leadership table.",the-new-york-times,0,40.94,-7.94
"WASHINGTON — AARP, the powerful lobby for older Americans that has been seen as one of the leading opponents of Social Security benefit cuts, said on Friday that it was open to modest reductions in benefits for future recipients.",the-new-york-times,1,40.94,-7.94
"“Speaker Pelosi made clear that today’s meeting was about re-opening government, not impeachment.”",the-new-york-times,0,40.94,-7.94
"“I have been working hard for the people of Minnesota, and I think the people of Minnesota understand that, including in my party,” Ms. Klobuchar said.",the-new-york-times,0,40.94,-7.94
"They say Democrats will stop at nothing to ruin his presidency, and bristle at Democrats accusing them of turning a blind eye to the Russian threat.",the-new-york-times,0,40.94,-7.94
"At the bottom of the page, floating across her torso in bold white letters, are the words “The Queen of Rage.”",the-new-york-times,0,40.94,-7.94
"In October, the State Department asked former secretaries of state dating back to Madeleine Albright to provide it with any government records — like emails — they might have in their possession.",the-new-york-times,0,40.94,-7.94
"Safari Club International, a trophy-hunting organization that sued the Obama administration in 2014 in an effort to challenge the ban and was the first to report the policy change on Tuesday, lashed out against the news media and “anti-hunters” for swaying the Trump administration to lift the trophy ban.",the-new-york-times,0,40.94,-7.94
"To accomplish the idea he floated on Tuesday, Mr. Trump would have to find a way around the 14th Amendment to the Constitution, which states, “All persons born or naturalized in the United States, and subject to the jurisdiction thereof, are citizens of the United States and of the State wherein they reside.”",the-new-york-times,0,40.94,-7.94
She then invoked her Fifth Amendment right against self-incrimination and declined to testify at a House hearing on the agency’s actions.,the-new-york-times,0,40.94,-7.94
"Mr. Trump issued the following exclamation-point laden statement through his lawyer, Michael Cohen.",the-new-york-times,1,40.94,-7.94
"The congressman also expressed concern about the toll the episode was taking on his wife, Huma Abedin, a longtime aide to Secretary of State Hillary Rodham Clinton.",the-new-york-times,0,40.94,-7.94
Some lawmakers have been scrambling to try to obviate the veto rejection.,the-new-york-times,0,40.94,-7.94
"There are also around 25,000 American troops in South Korea, where they have served for generations as a deterrent against North Korea.",the-new-york-times,0,40.94,-7.94
And instability in Mali has created an expanding safe haven for terrorists who look to extend their influence and plot further attacks of the kind we saw just last week in Algeria.”,the-new-york-times,0,40.94,-7.94
"When in 2003 the Massachusetts courts legalized same-sex marriage in the state, Mr. Romney, then governor, complained that the state had become “San Francisco East.”",the-new-york-times,1,40.94,-7.94
A dozen officers in plain clothes and uniforms stood watch as he spoke; one warned photographers to “remain stationary” during the event.,the-new-york-times,0,40.94,-7.94
"“Committed and loving gay and lesbian married couples will now be treated equally under our nation’s federal tax laws, regardless of what state they call home,” said Chad Griffin, the president of the Human Rights Campaign.",the-new-york-times,0,40.94,-7.94
"The two have repeatedly said they would support allocating additional money for technology and increased patrols along the border, like the ones Mr. Trump referenced on Friday.",the-new-york-times,0,40.94,-7.94
WASHINGTON — Impeachment was always going to hang heavily over a divided Washington.,the-new-york-times,0,40.94,-7.94
"Asked about the Bridgeport rally, when he told the crowd, “When we returned, we saw nothing like this,” Mr. Blumenthal said he did not recall the event.",the-new-york-times,0,40.94,-7.94
Both men were fired before they were eligible for their pension and health benefits.,the-new-york-times,0,40.94,-7.94
"Another moderate Democrat, Senator Bob Casey of Pennsylvania, also said he would reject Judge Gorsuch and join the filibuster effort.",the-new-york-times,0,40.94,-7.94
"Under pressure from news outlets, the Republican Party tried to cauterize the wound that Mr. Akin had created by isolating him.",the-new-york-times,0,40.94,-7.94
"Representative Kevin McCarthy, the House Republican leader, spent much of his weekly news conference comparing Mr. Schiff, a fellow Californian, to Senator Joseph R. McCarthy, who fueled fears in the 1950s that Communist spies had infiltrated the American government.",the-new-york-times,0,40.94,-7.94
"The White House did not disclose what those options were, but people briefed on the matter said one option was an appointment to the president’s Intelligence Advisory Board, a panel of prominent Americans outside government who provide independent oversight of the nation’s spy apparatus and advise the president.",the-new-york-times,0,40.94,-7.94
"And though the long-term economic damage caused by the shutdown remains to be seen, it appears that at the very least the short-term pain was more costly than a down payment on the border wall.",the-new-york-times,0,40.94,-7.94
"In Mr. Mattis’s early days as defense secretary, he often ate dinner with the president in the White House residence.",the-new-york-times,0,40.94,-7.94
"“The basic perspective that I have over this whole thing, dating back to the shooting incident itself, what we had were largely peaceful vigils and protests that were met with police tactics that were highly aggressive and militaristic,” he said.",the-new-york-times,0,40.94,-7.94
"The president has repeatedly denounced Mr. Strzok in posts on Twitter, and on Monday expressed satisfaction that he had been sacked.",the-new-york-times,0,40.94,-7.94
"However, he made clear that party unity was on his mind.",the-new-york-times,0,40.94,-7.94
"R. Clarke Cooper, the group’s executive director, said, “Governor Perry is running to be commander-in-chief, not theocrat-in-chief.”",the-new-york-times,0,40.94,-7.94
"In response to Mr. Obama, House Republicans said the Democratic-controlled Senate should take up some 16 House-passed measures; most would attack federal regulations or spending and would have long-term impact, analysts say, but they would not spur job creation in the coming year or two.",the-new-york-times,0,40.94,-7.94
"The Constitution grants the House the power to impeach executive branch officials for “treason, bribery or other high crimes and misdemeanors,” but what constitutes such crimes has traditionally been defined by the majority party of the House.",the-new-york-times,0,40.94,-7.94
"Since the evening Judge Gorsuch was nominated, liberal groups have been pressuring Democrats to filibuster the vote on him.",the-new-york-times,0,40.94,-7.94
"The girls accompanied their daughter to Wednesday's ceremony, in which he pardoned two turkeys named Mac and Cheese.",fox-news,0,35.44,11.06
"Mark Mattioli, the father of one Newtown shooting victim, also spoke after Hutchinson's announcement to applaud the review effort.",fox-news,0,35.44,11.06
"That means that all families — regardless of how they look or how they are made — all families are entitled to the same rights, privileges and protections as every other.”",fox-news,0,35.44,11.06
"Police are spending more time and money making arrests, housing inmates, impounding vehicles, seizing drugs and handling other problems related to Colorado pot.",fox-news,0,35.44,11.06
"Rep. Thomas Massie, R-K.Y., took calls for additional security a step further on Thursday by re-introducing legislation that would allow those who have concealed carry permits in their home states to carry in Washington D.C.",fox-news,0,35.44,11.06
The appointment marks the first time in Senate history that two black senators have served at the same time.,fox-news,0,35.44,11.06
"Boehner, though, is facing some pressure from Republicans to give a little bit more.",fox-news,0,35.44,11.06
"In June, he was then escorted from his FBI office and lost his security clearance amid the release of a scathing DOJ inspector general report that largely dealt with the DOJ and FBI’s handling of the investigation into Clinton’s private email server but uncovered messages that “appeared to mix political opinion with discussions” about that probe -- namely, between Strzok and Page.   ",fox-news,0,35.44,11.06
"Trump spokeswoman Katrina Pierson responded to claims that she is one of the mystery women referred to in the article, stating on Twitter that the allegation is “stupidity on all levels.”",fox-news,0,35.44,11.06
"He suggested that a ""prorated down payment"" on the wall, without providing a concrete dollar figure, could be viable.",fox-news,0,35.44,11.06
"She also exercises regularly, practices yoga, swims, walks and weight trains, her doctor said.",fox-news,0,35.44,11.06
"""He has no consistency about him.",fox-news,0,35.44,11.06
"During the radio interview, the governor apologized repeatedly for an expletive-ridden voicemail he recently left for Democratic state Rep. Drew Gattine -- the latest controversy to hang over his office.",fox-news,0,35.44,11.06
"They said they will swiftly try to ""clarify"" its language.",fox-news,0,35.44,11.06
"Though Reid is on the record, the National Republican Senatorial Committee on Monday targeted Sen. Charles Schumer, D-N.Y., for not speaking out on the issue.",fox-news,0,35.44,11.06
"They maintain that that giving those immigrants any kind of break would amount to amnesty, or rewarding law-breakers.",fox-news,0,35.44,11.06
"While former House Speaker Newt Gingrich and former Pennsylvania Sen. Rick Santorum agreed to attend early on, other Republican candidates subsequently bowed out.",fox-news,0,35.44,11.06
"Sen. Max Baucus, D-Mont., the representative for Senate Democrats, indicated Wednesday he's not worried about the impact the GOP letter will have on the talks.",fox-news,0,35.44,11.06
"On Medicare, Biden charged that the Republican ticket's plan would raise costs for future seniors with a de facto ""voucher"" system.",fox-news,0,35.44,11.06
Sheridan works for the firm and is general counsel for the state Republican committee.,fox-news,0,35.44,11.06
"And so, in this case, he decided to state clearly how he feels about making sure that people are treated equally, that there is a fairness and that our bedrock principles are upheld,"" Burton said.",fox-news,0,35.44,11.06
One demand Sanders was thought to be considering – as part of a party-unity deal -- is the removal of Democratic boss Debbie Wasserman Schultz.,fox-news,0,35.44,11.06
The president’s decision to declare a national emergency comes after a review of the spending package.,fox-news,0,35.44,11.06
"“A SWAT team, searching the house, scaring his wife, scaring his dogs—it was completely unnecessary,” Stone’s attorney said. ",fox-news,0,35.44,11.06
"The Washington Post reporter Robert Costa writes of Christie today, “his status as the establishment favorite for the GOP nomination has vanished.",fox-news,0,35.44,11.06
"When the man asks Etheridge to ""please let go of me,"" the congressman then grabs him by the neck.",fox-news,0,35.44,11.06
Pelosi was challenged by Ohio Rep. Tim Ryan in a secret-ballot vote among House Democrats.,fox-news,0,35.44,11.06
And that was the point of contention for Democratic lawmakers who complained that exempting parts of the document from the reading undermines the objective of the exercise.,fox-news,1,35.44,11.06
"The truth is, rape has many victims.",fox-news,0,35.44,11.06
"The A.G., according to the Times, said he had misspoken at a 2008 event in Norfolk in which he said he had served in Vietnam.",fox-news,0,35.44,11.06
"Another top Republican, Sen. Lindsey Graham of South Carolina, also lambasted Schiff on Thursday - comparing the California lawmaker to director Oliver Stone.",fox-news,0,35.44,11.06
"Sen. Ron Wyden, D-Ore., said a handshake with Putin would be ""a moment of historic cowardice.""",fox-news,0,35.44,11.06
"""People of every race, political affiliation, religion came together for different reasons.""",fox-news,0,35.44,11.06
"He did not, however, say specifically whether he would still be an active candidate by then, taking no questions from the press before heading over to a meeting with Senate Minority Leader Harry Reid.",fox-news,0,35.44,11.06
"“I probably have a generational reaction to it,” Pelosi said at an MSNBC town hall. ",fox-news,0,35.44,11.06
